username,user id,access hash,group,group id,status
,5452065501,4305902332686681602,Xyliase Chat,1452968516,UserStatusOnline
,2027648858,-6665841967015753907,Xyliase Chat,1452968516,2022-06-05 00:21:10+00:00
lookup456,1795949841,-6987611044203124629,Xyliase Chat,1452968516,2022-06-05 19:20:47+00:00
zlodagod,1384169558,4307436498081749905,Xyliase Chat,1452968516,UserStatusRecently
remorseafk,1913582739,354436067326376854,Xyliase Chat,1452968516,UserStatusRecently
zadruga1994,1868577014,539222526535848753,Xyliase Chat,1452968516,2022-06-05 21:46:11+00:00
zoomerbsc,2020100207,4333289504961042220,Xyliase Chat,1452968516,UserStatusRecently
ZM588,759913153,8562387589089948827,Xyliase Chat,1452968516,2022-06-05 06:46:01+00:00
ZimbabwePrince209,1197814253,5221266181189283749,Xyliase Chat,1452968516,2022-06-05 21:05:43+00:00
Zero_Services,1683403542,-8773303461909067106,Xyliase Chat,1452968516,2022-06-05 09:55:18+00:00
zxcv8987,924148074,4354855980863952791,Xyliase Chat,1452968516,2022-06-05 16:24:15+00:00
Zwindoor,2126380404,8571533603196651756,Xyliase Chat,1452968516,UserStatusRecently
vuzzza,439511082,2172815356271902032,Xyliase Chat,1452968516,UserStatusRecently
ptr588,1487593016,-1142819310307627175,Xyliase Chat,1452968516,UserStatusRecently
Gamer_Z69,1672914970,-263179378832376974,Xyliase Chat,1452968516,UserStatusRecently
Zulienz,1663259363,-6457188253697587910,Xyliase Chat,1452968516,2022-06-05 21:26:09+00:00
Zy0ns,1326643236,8892532018613251845,Xyliase Chat,1452968516,2022-06-05 19:52:48+00:00
Zaddyfc,497699275,8562334426045906912,Xyliase Chat,1452968516,2022-06-05 08:48:36+00:00
zhenpng,1730727748,-716582937650440950,Xyliase Chat,1452968516,UserStatusRecently
zeebx,982344009,7462003955055343528,Xyliase Chat,1452968516,UserStatusRecently
noob4u10,374433069,-3844340400486751269,Xyliase Chat,1452968516,2022-06-05 09:17:46+00:00
zxc4webloody,1096425866,264883599768908509,Xyliase Chat,1452968516,UserStatusRecently
zouka15,578252284,-5777912626725760519,Xyliase Chat,1452968516,UserStatusRecently
,5120888248,8555760431765936901,Xyliase Chat,1452968516,2022-06-05 20:19:19+00:00
deobfuscatedfed,1151861184,5286920440634318520,Xyliase Chat,1452968516,2022-06-05 21:36:06+00:00
,5068715501,-3517477464049415809,Xyliase Chat,1452968516,2022-06-05 12:00:43+00:00
yong6273,1439209109,8053446263789044275,Xyliase Chat,1452968516,UserStatusRecently
,5264662799,7724834180623147380,Xyliase Chat,1452968516,2022-06-05 07:41:36+00:00
yamixiu123,1920106279,8781611839163117722,Xyliase Chat,1452968516,2022-06-05 12:30:56+00:00
Yev_guryev,311988087,744083725261133489,Xyliase Chat,1452968516,2022-06-05 21:03:23+00:00
,5039713423,-3262699045627809797,Xyliase Chat,1452968516,UserStatusRecently
amotory,5088463334,-7475968372232887637,Xyliase Chat,1452968516,UserStatusRecently
yytrbubbles,1886201802,5741565510861680386,Xyliase Chat,1452968516,2022-06-05 21:08:11+00:00
hyuk2222,1641363999,1785087529770308414,Xyliase Chat,1452968516,UserStatusRecently
yesnotme,251438584,1289427802149577825,Xyliase Chat,1452968516,UserStatusRecently
Mehchakoo,707925765,-4762871513200375043,Xyliase Chat,1452968516,UserStatusRecently
Taxi_316,906073779,8764925591090745304,Xyliase Chat,1452968516,2022-06-05 17:49:46+00:00
jacko06v,168989469,-711703338906380274,Xyliase Chat,1452968516,2022-06-05 20:29:08+00:00
Skymannn3,303970005,7336588174938605546,Xyliase Chat,1452968516,UserStatusRecently
G_yohan,1319507194,-7532249888972844899,Xyliase Chat,1452968516,2022-06-05 20:36:27+00:00
yurrv,393695588,-5212853571796309899,Xyliase Chat,1452968516,2022-06-05 17:53:27+00:00
Vasiliy_Yusov,190010764,7769589857603499053,Xyliase Chat,1452968516,2022-06-05 21:27:23+00:00
FKW_Yoitsu,918154857,-1264120636094660757,Xyliase Chat,1452968516,2022-06-05 13:58:33+00:00
kingsyont,1113568555,448494788075529816,Xyliase Chat,1452968516,UserStatusRecently
affiliationjunkie,409958940,758893173406617641,Xyliase Chat,1452968516,2022-06-05 12:39:26+00:00
mrpapya,1249198041,5022754730162508510,Xyliase Chat,1452968516,UserStatusRecently
BidenLead,1026337726,-7319525258844853884,Xyliase Chat,1452968516,2022-06-05 12:59:49+00:00
NEOMedia_19,911448767,-8016664579169957452,Xyliase Chat,1452968516,2022-06-05 21:46:35+00:00
ykyk2N,1146688236,-4453137505706309973,Xyliase Chat,1452968516,UserStatusRecently
froxien,5068341109,-5210657098461109958,Xyliase Chat,1452968516,UserStatusRecently
x360_eth,1566118919,-8991980745150214016,Xyliase Chat,1452968516,UserStatusRecently
xxyxks,1665026724,8269111105840022417,Xyliase Chat,1452968516,UserStatusRecently
xrp_apee,2071685807,-1439551852175910554,Xyliase Chat,1452968516,UserStatusOnline
Cookx,719463879,7948484614958535535,Xyliase Chat,1452968516,2022-06-05 20:33:40+00:00
xxxxxzzzxz,333164142,1612062685795866291,Xyliase Chat,1452968516,UserStatusRecently
winner,1735697371,5466468811676325047,Xyliase Chat,1452968516,UserStatusRecently
,911985325,4451377222921510084,Xyliase Chat,1452968516,2022-06-05 18:41:29+00:00
CaseyxuKomm,771411832,7397024984864331094,Xyliase Chat,1452968516,2022-06-05 13:19:05+00:00
dbx_pv,195393649,-1692145829770522751,Xyliase Chat,1452968516,UserStatusRecently
xorboi,1244041635,4614533488887031870,Xyliase Chat,1452968516,UserStatusRecently
xdd123_12,1426675952,6025017506600632983,Xyliase Chat,1452968516,2022-06-05 20:13:54+00:00
xElfie,544790748,2836100344737674061,Xyliase Chat,1452968516,UserStatusRecently
EddieJohnSon_xD,820636929,-1679935060118196694,Xyliase Chat,1452968516,UserStatusRecently
,1492698413,9128456192616127560,Xyliase Chat,1452968516,2022-06-05 05:34:53+00:00
Lololololoq22,738773923,7749334679954461784,Xyliase Chat,1452968516,UserStatusRecently
x02456,702652202,-250635235646705624,Xyliase Chat,1452968516,UserStatusRecently
x0x0x0x0x0x0x0x0x0x0x0x0,1483953190,-1189782191005481110,Xyliase Chat,1452968516,UserStatusRecently
xoxotr3s,294296738,9077531396880803326,Xyliase Chat,1452968516,UserStatusRecently
xbulb,1271643326,3232017284819917248,Xyliase Chat,1452968516,UserStatusOnline
,944046572,825133114303794666,Xyliase Chat,1452968516,2022-06-05 18:14:41+00:00
waaaaaynelee,755737007,-4606375444915928534,Xyliase Chat,1452968516,UserStatusRecently
whynoty,1497465946,-6222610722406605881,Xyliase Chat,1452968516,2022-06-05 15:02:41+00:00
wang465874,5225398819,-1755461677404856573,Xyliase Chat,1452968516,UserStatusRecently
wenrou1218,590616291,2345271016642038987,Xyliase Chat,1452968516,UserStatusRecently
wavyfr,5183503436,-4640015803500834982,Xyliase Chat,1452968516,UserStatusRecently
windandhi,109971640,5788378079861846022,Xyliase Chat,1452968516,UserStatusRecently
thomas_pornverse,5038618352,3947668032597276612,Xyliase Chat,1452968516,UserStatusRecently
wgmiTech,2120492297,3487055636415040706,Xyliase Chat,1452968516,UserStatusRecently
wavvyyy,731099308,5133044126556412390,Xyliase Chat,1452968516,UserStatusRecently
paradies187,2015029004,8219768434077073785,Xyliase Chat,1452968516,UserStatusRecently
wtseller,991266951,2474578243573952691,Xyliase Chat,1452968516,2022-06-05 09:30:15+00:00
JohnRude,1858099220,-5305440098062227391,Xyliase Chat,1452968516,UserStatusRecently
,1419798722,5151048620535077871,Xyliase Chat,1452968516,2022-06-05 10:44:40+00:00
uWinning,1123217736,-6443826377254993556,Xyliase Chat,1452968516,UserStatusRecently
wertopo,631002614,7013653571153611803,Xyliase Chat,1452968516,UserStatusRecently
w3xiee,1751209077,5324057698113059360,Xyliase Chat,1452968516,UserStatusRecently
WillofDark,858143020,-7681598795681928162,Xyliase Chat,1452968516,UserStatusRecently
wizeoldman,511026280,-3666140069696957982,Xyliase Chat,1452968516,UserStatusRecently
WaRc0r,1067851110,-6974839941263805374,Xyliase Chat,1452968516,UserStatusRecently
wirtos4,1387580394,-3382293499869084844,Xyliase Chat,1452968516,UserStatusRecently
wolfhount,801934682,8773722062381032736,Xyliase Chat,1452968516,UserStatusRecently
VYUTEEA,2111429285,3455289880018423055,Xyliase Chat,1452968516,2022-06-05 14:19:40+00:00
OGregex,2136475440,8205672383656039373,Xyliase Chat,1452968516,UserStatusRecently
vacoolaaa,416854519,-5936294685994711756,Xyliase Chat,1452968516,2022-06-05 21:16:12+00:00
MowenDC,5130152108,-2410197989580148720,Xyliase Chat,1452968516,UserStatusRecently
,5094512341,2267619514210654557,Xyliase Chat,1452968516,UserStatusRecently
campingarunner,230907715,-8291099517267459541,Xyliase Chat,1452968516,2022-06-05 09:40:07+00:00
,5222834065,-635494764986495055,Xyliase Chat,1452968516,2022-06-05 15:04:14+00:00
vipusrr,1451063867,7200085162862165588,Xyliase Chat,1452968516,UserStatusRecently
virginfox,1576553321,-6147952048926742871,Xyliase Chat,1452968516,UserStatusRecently
RaigenCat,1118394876,-3543705635537850371,Xyliase Chat,1452968516,UserStatusRecently
victor_escutia,9830256,-2195841265667496666,Xyliase Chat,1452968516,UserStatusRecently
ivanrebroff,659497681,2066967476277761603,Xyliase Chat,1452968516,UserStatusRecently
,5150931937,-8722123694355653085,Xyliase Chat,1452968516,UserStatusRecently
VladlenVvv,336654168,6083148445842203740,Xyliase Chat,1452968516,UserStatusRecently
Vlad_BCA,1586995455,-3119206553330305397,Xyliase Chat,1452968516,2022-06-05 21:44:17+00:00
pashopash,838670485,1213401117174954683,Xyliase Chat,1452968516,UserStatusRecently
VGroup123,1690946723,-6649467271041098717,Xyliase Chat,1452968516,2022-06-05 15:28:11+00:00
Vigysory,411849081,4276935927928126055,Xyliase Chat,1452968516,2022-06-05 21:03:41+00:00
Vlexxer,732526980,3925343918028035561,Xyliase Chat,1452968516,UserStatusRecently
vitororoororoorrororor,1217016746,-9112677646630078655,Xyliase Chat,1452968516,2022-06-05 00:42:38+00:00
vloneknight,2082291451,111398761503382510,Xyliase Chat,1452968516,2022-06-05 20:59:21+00:00
Vinkel1337,572458157,-9159076688918109977,Xyliase Chat,1452968516,2022-06-05 17:20:01+00:00
Valeramc,438463416,-7130593597161409038,Xyliase Chat,1452968516,2022-06-05 21:42:42+00:00
oxwoke,1422420875,6216112154658660766,Xyliase Chat,1452968516,2022-06-05 07:46:03+00:00
vladimirbank,946629246,-2964209136069552167,Xyliase Chat,1452968516,UserStatusRecently
Voidcoder,1248191458,-7671815842957661848,Xyliase Chat,1452968516,UserStatusRecently
vinlyobscura33,1060993116,8659949529546693502,Xyliase Chat,1452968516,UserStatusRecently
vdood,310288356,7726617093499211852,Xyliase Chat,1452968516,UserStatusRecently
veonleon,455774657,-957764426071532324,Xyliase Chat,1452968516,2022-06-05 12:54:50+00:00
UNUSUALLYPROFITABLE,1401005893,-2722622577541264062,Xyliase Chat,1452968516,2022-06-05 14:12:53+00:00
UmbrellaProxy,5400890264,7037696964004549315,Xyliase Chat,1452968516,2022-06-05 16:03:25+00:00
unlimitedbaby,1670869602,5045312629333839418,Xyliase Chat,1452968516,2022-06-05 21:39:12+00:00
ukaukaa,270878121,4206852641905696051,Xyliase Chat,1452968516,UserStatusRecently
,1408534978,6369926929577512379,Xyliase Chat,1452968516,2022-06-05 20:57:39+00:00
unicoiner,858852151,-5453330267795893085,Xyliase Chat,1452968516,UserStatusRecently
Qwexlf,1332377566,1627601543076960400,Xyliase Chat,1452968516,UserStatusRecently
usdman,229671858,6735824994696433659,Xyliase Chat,1452968516,UserStatusRecently
coinshill_up,816667165,-1837960565802896058,Xyliase Chat,1452968516,2022-06-05 20:53:40+00:00
unknxwnmoves,679131758,-722345694587163529,Xyliase Chat,1452968516,UserStatusRecently
Uvewee,1124458345,69906146595156731,Xyliase Chat,1452968516,2022-06-05 08:54:22+00:00
SQRTEX,383804975,-263824944154901329,Xyliase Chat,1452968516,2022-06-05 17:28:17+00:00
unRekable,799045113,3913320558743452191,Xyliase Chat,1452968516,UserStatusRecently
user739201,832705830,3836670527376754546,Xyliase Chat,1452968516,UserStatusRecently
uhhapollo,1067274927,-318633105648291190,Xyliase Chat,1452968516,2022-06-05 08:22:28+00:00
JammedToaster,1696006486,-501833719202138115,Xyliase Chat,1452968516,UserStatusRecently
BreakMaxi882,1564562461,-8145504664635652583,Xyliase Chat,1452968516,UserStatusRecently
ThePariah_7443,1752694359,-1227126866101527535,Xyliase Chat,1452968516,UserStatusRecently
DiscordTokensHQ,5039127457,8328179029584106461,Xyliase Chat,1452968516,2022-06-05 21:46:12+00:00
p_2_e,1319379260,-8876970147257661498,Xyliase Chat,1452968516,UserStatusRecently
InTheNameOfX,548322192,-7772512066854581357,Xyliase Chat,1452968516,UserStatusRecently
,1234911545,-5557456102678281127,Xyliase Chat,1452968516,2022-06-05 15:28:04+00:00
,2080555095,-389870854813841004,Xyliase Chat,1452968516,UserStatusRecently
TradeForMeAdmin,991340528,6590231047885006989,Xyliase Chat,1452968516,2022-06-05 13:22:26+00:00
damadhatternc,1813790168,-3971144701344532263,Xyliase Chat,1452968516,2022-06-05 20:05:15+00:00
Hamburgered,941468250,8125563222222629803,Xyliase Chat,1452968516,2022-06-05 19:06:04+00:00
berlin_AXA,1720393474,-5665227319059773921,Xyliase Chat,1452968516,2022-06-05 21:46:19+00:00
try2king,1714031828,862348231798913910,Xyliase Chat,1452968516,2022-06-05 15:20:36+00:00
tokentippers0,5257526230,7232124197756569072,Xyliase Chat,1452968516,UserStatusRecently
tmPK221,5027836278,-3792649242507329279,Xyliase Chat,1452968516,2022-06-05 20:44:19+00:00
tonduc1,1038908789,-6995128042472646614,Xyliase Chat,1452968516,UserStatusRecently
supertunesfm,1955487884,-1550664443181592242,Xyliase Chat,1452968516,2022-06-05 18:09:16+00:00
teaufil,710078632,9097404331304430992,Xyliase Chat,1452968516,2022-06-05 20:32:32+00:00
techertecher,951169688,7819749725372113818,Xyliase Chat,1452968516,UserStatusRecently
TexasInstruments2,5147356286,6144658304908036668,Xyliase Chat,1452968516,2022-06-05 19:46:15+00:00
trackic,813737584,-179440078379877068,Xyliase Chat,1452968516,UserStatusRecently
igtaya,1397151037,555483217354934839,Xyliase Chat,1452968516,2022-06-05 21:00:51+00:00
pluetaha,1310947416,-4340047885934312790,Xyliase Chat,1452968516,UserStatusRecently
terencexie,175330006,-3684358864657015494,Xyliase Chat,1452968516,UserStatusRecently
shadow15312,787604418,691875757216993079,Xyliase Chat,1452968516,2022-06-05 20:36:53+00:00
TheOneAndOnly1440,1227832962,1113829748996102743,Xyliase Chat,1452968516,2022-06-05 16:01:53+00:00
tikitakaesp,893515302,-6256562312661557766,Xyliase Chat,1452968516,2022-06-05 19:27:27+00:00
teitkai,750193123,-3889748731899337806,Xyliase Chat,1452968516,UserStatusRecently
trpgq,2103712958,-8021177480519072583,Xyliase Chat,1452968516,UserStatusRecently
fureien,483770543,-6677243521844504958,Xyliase Chat,1452968516,UserStatusRecently
token1000000,266740461,4184752143066850424,Xyliase Chat,1452968516,UserStatusRecently
thebrickseller,2126157108,-4479993164587281903,Xyliase Chat,1452968516,2022-06-05 06:54:17+00:00
,959768499,-8257748631738641772,Xyliase Chat,1452968516,2022-06-05 17:10:06+00:00
,5051539829,-2465533235320456728,Xyliase Chat,1452968516,2022-06-05 16:12:28+00:00
tgshen,1225156529,1290470507850784214,Xyliase Chat,1452968516,2022-06-05 15:33:27+00:00
thedifferentside,1263171202,8129414287289691673,Xyliase Chat,1452968516,2022-06-05 16:59:21+00:00
tweetattackspro2000,2072719659,7073146118663168993,Xyliase Chat,1452968516,2022-06-05 18:09:50+00:00
Topsecret132,858460313,4754530632831111140,Xyliase Chat,1452968516,UserStatusRecently
btuncsiper,915993844,-5054741928019521503,Xyliase Chat,1452968516,2022-06-05 21:28:47+00:00
TheProOG,1433421541,2721988508177704902,Xyliase Chat,1452968516,2022-06-05 18:52:34+00:00
theiames,1071911442,4811288375507071500,Xyliase Chat,1452968516,UserStatusRecently
thomasfxx,880244615,4612292343472288369,Xyliase Chat,1452968516,2022-06-05 19:29:56+00:00
Trlps3,383828281,-8951556500533679019,Xyliase Chat,1452968516,UserStatusRecently
DiscoTrooper,881304837,-7904645813556404725,Xyliase Chat,1452968516,2022-06-05 10:02:42+00:00
CryptoTomx1,1735451396,6691693741758961460,Xyliase Chat,1452968516,2022-06-05 19:30:56+00:00
toomanygods,380954698,-8072812151671056059,Xyliase Chat,1452968516,UserStatusRecently
tom_melon,1836413346,-714818048878985492,Xyliase Chat,1452968516,UserStatusRecently
tesha011,487486798,-5511232341587399582,Xyliase Chat,1452968516,UserStatusRecently
goga_otec_trafa,476615178,1020704371841665891,Xyliase Chat,1452968516,UserStatusRecently
Timmyan,402822432,2912914888600213167,Xyliase Chat,1452968516,UserStatusRecently
exposedtoast,1502401422,924956428009844412,Xyliase Chat,1452968516,2022-06-05 12:35:54+00:00
bigbunda69,1712475075,-6998737944570094775,Xyliase Chat,1452968516,UserStatusRecently
Tordjj,1682040900,-4818403321875412842,Xyliase Chat,1452968516,2022-06-05 10:18:17+00:00
T80Techno,1883940947,-6679704897664110242,Xyliase Chat,1452968516,2022-06-05 09:24:56+00:00
JrMonster,689702857,-8011483325203097418,Xyliase Chat,1452968516,UserStatusRecently
TheLemonl,1017127928,-1234167838325679827,Xyliase Chat,1452968516,2022-06-05 16:35:36+00:00
,902277116,-2694978884761656246,Xyliase Chat,1452968516,UserStatusRecently
T3gga,974448025,899091936425619860,Xyliase Chat,1452968516,UserStatusRecently
Thomasassasins,1097595222,3614925544668994379,Xyliase Chat,1452968516,UserStatusRecently
Txrribilis,430847412,-711687200654032612,Xyliase Chat,1452968516,UserStatusRecently
TheManWithManyFaces,1404058370,2419952392315432976,Xyliase Chat,1452968516,UserStatusRecently
GoatTokens,931715124,7786506630554291965,Xyliase Chat,1452968516,UserStatusRecently
PearlyLabor,1203845925,-4577648351055769385,Xyliase Chat,1452968516,2022-06-05 21:28:31+00:00
Slayer7709,2125206609,-5880322810433563006,Xyliase Chat,1452968516,2022-06-05 16:55:28+00:00
ProServicez,5391051155,5441262656510308143,Xyliase Chat,1452968516,UserStatusRecently
swapscord,454293688,-8084689848461401680,Xyliase Chat,1452968516,UserStatusRecently
social_man,827351353,8163115735636805645,Xyliase Chat,1452968516,2022-06-05 19:01:59+00:00
blazedboy,1713161119,6141420747768199306,Xyliase Chat,1452968516,UserStatusRecently
scotchftid,5289195897,4069216651906966618,Xyliase Chat,1452968516,UserStatusRecently
sup_ile,5363004362,-3145631202262522032,Xyliase Chat,1452968516,UserStatusRecently
CGISupport,5385218416,-2465327425214360196,Xyliase Chat,1452968516,UserStatusRecently
Socket74,1469777496,7496595108890233899,Xyliase Chat,1452968516,2022-06-05 13:13:00+00:00
StonkzOG,5257932582,-3402015212146253799,Xyliase Chat,1452968516,2022-06-05 21:43:37+00:00
,1949508468,869227554062553399,Xyliase Chat,1452968516,UserStatusRecently
AuroraProduction,801325786,5097350839299285808,Xyliase Chat,1452968516,2022-06-05 15:34:24+00:00
motizs,993915282,8116888097513296329,Xyliase Chat,1452968516,2022-06-05 08:56:56+00:00
surreal03,5339813450,-8574344978861272714,Xyliase Chat,1452968516,2022-06-05 21:46:15+00:00
me100rabh,669493633,3611697155826357645,Xyliase Chat,1452968516,UserStatusRecently
jethscarlet,1765766783,7415693385722175774,Xyliase Chat,1452968516,UserStatusRecently
GrizzlyStan,1545661826,6971402544748008168,Xyliase Chat,1452968516,2022-06-05 17:02:05+00:00
smsundigban,5306575823,2857799106770058573,Xyliase Chat,1452968516,2022-06-05 12:41:50+00:00
SnaxTo,1238755836,5992822497342623298,Xyliase Chat,1452968516,UserStatusRecently
stewethegreat,532533130,2532287640456241463,Xyliase Chat,1452968516,UserStatusRecently
ritahixson,485300870,-7087082158317811338,Xyliase Chat,1452968516,UserStatusRecently
SHILL123456,1650179736,5720100676899353569,Xyliase Chat,1452968516,UserStatusRecently
sarah_NFTs,5129851752,-7427210479449702137,Xyliase Chat,1452968516,UserStatusRecently
stepstep1232,1154869752,6034428142077897743,Xyliase Chat,1452968516,UserStatusRecently
syccos,5253902235,-3598191704432963977,Xyliase Chat,1452968516,UserStatusRecently
,1824806853,-1999483310794289733,Xyliase Chat,1452968516,UserStatusRecently
,1635151573,-5074213166005640218,Xyliase Chat,1452968516,2022-06-05 16:09:54+00:00
ShazCMD,1149860743,-8711227836697574847,Xyliase Chat,1452968516,UserStatusRecently
Stellmanes,675985848,2829251607665556732,Xyliase Chat,1452968516,UserStatusRecently
sowale,5206994412,5241479708986619767,Xyliase Chat,1452968516,2022-06-05 21:45:37+00:00
pepe_Sh0p,1650582862,9202878152597328884,Xyliase Chat,1452968516,2022-06-05 19:06:20+00:00
sqlulz,975818025,7016647554804479892,Xyliase Chat,1452968516,UserStatusRecently
PersonaIausweise,5065620387,934891839611236279,Xyliase Chat,1452968516,2022-06-05 21:43:14+00:00
samfleech,432843404,-763668237686015716,Xyliase Chat,1452968516,UserStatusRecently
SupplyingTheHood,5077470386,-3750727203750721238,Xyliase Chat,1452968516,UserStatusRecently
sunny1283,433153584,4338934475971322452,Xyliase Chat,1452968516,UserStatusRecently
sage_niro,1649548591,5153001221135165807,Xyliase Chat,1452968516,UserStatusRecently
Sidharth2809,1687568079,-1205806935662980019,Xyliase Chat,1452968516,UserStatusRecently
SolidSnakeOfficial,2134037087,4296253374080567623,Xyliase Chat,1452968516,UserStatusRecently
skanket,490014645,-6057746041856654030,Xyliase Chat,1452968516,UserStatusRecently
shollynana,1199281989,-6120553243658768188,Xyliase Chat,1452968516,2022-06-05 21:28:11+00:00
sirronjeremy,1681477785,-2491892962750746639,Xyliase Chat,1452968516,2022-06-05 21:39:49+00:00
,1295036140,-2592209519296579634,Xyliase Chat,1452968516,2022-06-05 21:41:46+00:00
slslasher,21068884,7669736231761479271,Xyliase Chat,1452968516,2022-06-05 13:57:22+00:00
sila_duha123,617671336,1948296279310476128,Xyliase Chat,1452968516,2022-06-05 16:00:40+00:00
,5161430422,3854189300635476040,Xyliase Chat,1452968516,2022-06-05 00:23:55+00:00
saramandaia,496856178,3712559791473564114,Xyliase Chat,1452968516,2022-06-05 15:57:06+00:00
davidsmith123,1416709025,-7247645412163541929,Xyliase Chat,1452968516,2022-06-05 14:09:22+00:00
shiro_bf,917181849,-2566738013443188952,Xyliase Chat,1452968516,2022-06-05 16:36:35+00:00
subir_roy,1146629716,-7067271242809047897,Xyliase Chat,1452968516,2022-06-05 19:46:39+00:00
ssssx3,928119439,-1150114108474845128,Xyliase Chat,1452968516,UserStatusRecently
Serhey0,2056144740,-2157500216551332580,Xyliase Chat,1452968516,UserStatusRecently
Seann_nn,563708986,-3638460933163221057,Xyliase Chat,1452968516,UserStatusRecently
Scaze,930140851,7097802710718505240,Xyliase Chat,1452968516,2022-06-05 19:01:38+00:00
srh74,1301348156,-2734670944593425860,Xyliase Chat,1452968516,UserStatusRecently
proraids,2075836110,-2148114495831253119,Xyliase Chat,1452968516,2022-06-05 04:41:21+00:00
Spirou_eth,2074414592,6439559289750338595,Xyliase Chat,1452968516,2022-06-05 16:17:12+00:00
Bossbaby786,1478304357,8977898948563879626,Xyliase Chat,1452968516,2022-06-05 16:05:00+00:00
suavaeski,5065380062,-6157023186955387602,Xyliase Chat,1452968516,2022-06-05 19:31:10+00:00
RaidsRewarder,2049599819,4477365592780444237,Xyliase Chat,1452968516,2022-06-05 21:41:33+00:00
shix345,1646102818,-8174526650555674115,Xyliase Chat,1452968516,2022-06-05 21:21:25+00:00
messBlaq,1578033533,3190320147434830390,Xyliase Chat,1452968516,UserStatusRecently
Gh0stking1,1405423786,-2823895245853013306,Xyliase Chat,1452968516,2022-06-05 21:30:23+00:00
juiroy,98070833,-368275359835513821,Xyliase Chat,1452968516,UserStatusRecently
spades,1695738237,-4852408352723545063,Xyliase Chat,1452968516,UserStatusRecently
,455137120,3385903607705565751,Xyliase Chat,1452968516,UserStatusRecently
Shroudforex,989224693,-6098916240822895697,Xyliase Chat,1452968516,2022-06-05 20:41:09+00:00
steeler1337,225880826,3749198723219423933,Xyliase Chat,1452968516,2022-06-05 20:01:19+00:00
,1281195886,3113738070706808936,Xyliase Chat,1452968516,UserStatusRecently
solitudefera,741751078,5598407574799833408,Xyliase Chat,1452968516,2022-06-05 11:40:53+00:00
johnny_9999,1951508977,3768673572970588279,Xyliase Chat,1452968516,UserStatusRecently
MoOnKeY13,1235104355,6863907694533900484,Xyliase Chat,1452968516,2022-06-05 20:16:13+00:00
superdream125,1297325556,-2297492244200610730,Xyliase Chat,1452968516,UserStatusRecently
skwnwn,1760193506,-6542484147725915626,Xyliase Chat,1452968516,UserStatusRecently
supuralu,2034142504,3066816206077743505,Xyliase Chat,1452968516,UserStatusRecently
smartdeal24,1081276668,8995223567879989362,Xyliase Chat,1452968516,2022-06-05 18:10:36+00:00
domainerz,1294576284,-216403714579726352,Xyliase Chat,1452968516,UserStatusRecently
spaceapple123,429534052,-8693822585134612892,Xyliase Chat,1452968516,2022-06-05 18:40:41+00:00
siemarobiekase,1385811074,-7122399710329687440,Xyliase Chat,1452968516,2022-06-05 10:54:03+00:00
diviya_sh,1972152846,5744522806827268821,Xyliase Chat,1452968516,2022-06-05 19:46:05+00:00
canada_support,346637642,-4752815935420650959,Xyliase Chat,1452968516,UserStatusRecently
santosdecartier,1362909288,598419575756778909,Xyliase Chat,1452968516,UserStatusRecently
shillis,1412945779,4207195597318965677,Xyliase Chat,1452968516,2022-06-05 21:32:11+00:00
SeekerThree,965499680,-7288488421477016728,Xyliase Chat,1452968516,UserStatusRecently
AFK_Slayerz,291619123,-1361108018464008613,Xyliase Chat,1452968516,UserStatusRecently
SuperWML,1152963997,8495193386600836474,Xyliase Chat,1452968516,UserStatusRecently
,959696189,-4027270325723161566,Xyliase Chat,1452968516,2022-06-05 20:46:09+00:00
resultxx,1461652923,-4089744392783446131,Xyliase Chat,1452968516,UserStatusRecently
Richardnvdm,1711110247,8464877947999886071,Xyliase Chat,1452968516,UserStatusRecently
riotseller,1906692606,-3007333735784775813,Xyliase Chat,1452968516,2022-06-05 18:11:10+00:00
Rage_Market,5189567846,5360615919392920449,Xyliase Chat,1452968516,2022-06-05 01:18:55+00:00
anars69,1731077243,1044953096910924643,Xyliase Chat,1452968516,UserStatusRecently
rover0901,1204388475,-3557505110033748596,Xyliase Chat,1452968516,UserStatusOnline
hellcat47,5112845316,-8656609228489164983,Xyliase Chat,1452968516,2022-06-05 04:09:47+00:00
hazretiyasuo,1477704765,5996790746334287577,Xyliase Chat,1452968516,UserStatusRecently
realgamb1t,1526307265,3181401836213432312,Xyliase Chat,1452968516,2022-06-05 16:37:36+00:00
rinadaguste,1854374616,257016760308425189,Xyliase Chat,1452968516,2022-06-05 21:25:58+00:00
ralphmill,1210588327,6683794124176559704,Xyliase Chat,1452968516,2022-06-05 10:32:43+00:00
RibPistolas,924432994,-2591011951716566155,Xyliase Chat,1452968516,2022-06-05 03:44:56+00:00
Bardbarddd,980164359,-7427364505588923602,Xyliase Chat,1452968516,UserStatusRecently
ramo0000,1971321567,-6347634147955557677,Xyliase Chat,1452968516,UserStatusRecently
Reno_J,899098393,1801274499741402176,Xyliase Chat,1452968516,2022-06-05 12:55:38+00:00
resubmit,1362321291,2001057735103489223,Xyliase Chat,1452968516,UserStatusRecently
,5246288186,-6081188672389371046,Xyliase Chat,1452968516,2022-06-05 13:44:25+00:00
catsrocketsfounder,5080379292,-1502839961913642707,Xyliase Chat,1452968516,2022-06-05 18:45:34+00:00
Ryzehuh,5020190694,-8152853685128686288,Xyliase Chat,1452968516,UserStatusRecently
Bright,943077613,-701067729974084840,Xyliase Chat,1452968516,2022-06-05 17:08:27+00:00
rowdyroland,5028634676,-4282703336519097727,Xyliase Chat,1452968516,2022-06-05 20:33:10+00:00
robert726492,5223640492,-4673155533685384256,Xyliase Chat,1452968516,UserStatusRecently
Rubycol,5022086333,-546712693760380389,Xyliase Chat,1452968516,UserStatusRecently
rockyblaze1,857648275,-4240133275462749201,Xyliase Chat,1452968516,UserStatusRecently
ruther_king,1431689965,-2545339135554864163,Xyliase Chat,1452968516,2022-06-05 04:18:33+00:00
bigdemonxl,1196487408,8410993758872315835,Xyliase Chat,1452968516,UserStatusRecently
rbotiswho,235339516,8769704792541209395,Xyliase Chat,1452968516,UserStatusRecently
rapdoog,443920170,-845437377079923737,Xyliase Chat,1452968516,UserStatusRecently
RipLamar,1920291175,-1761248595101935828,Xyliase Chat,1452968516,2022-06-05 19:28:57+00:00
RedditBoost,1829785797,6026952680836264819,Xyliase Chat,1452968516,UserStatusRecently
RawriAnus,1125932368,6126544708795046560,Xyliase Chat,1452968516,UserStatusRecently
mccarthy_lzt,1863643292,-6346692542302301239,Xyliase Chat,1452968516,2022-06-05 21:46:08+00:00
AprilVV,1317879973,-2174741666031227870,Xyliase Chat,1452968516,UserStatusRecently
Grex2021,1291746118,-8442834945972233071,Xyliase Chat,1452968516,2022-06-05 12:08:14+00:00
Rvsyxz,1025327343,1868774442099032031,Xyliase Chat,1452968516,UserStatusRecently
raeee9803,901112716,-8829932511125473610,Xyliase Chat,1452968516,UserStatusRecently
BoiZzzZZz,1385796135,91896883138337275,Xyliase Chat,1452968516,2022-06-05 18:24:34+00:00
redd0001,965028808,5759900548302537474,Xyliase Chat,1452968516,UserStatusRecently
Ohryo,998945104,-8075848363969478294,Xyliase Chat,1452968516,UserStatusRecently
endured,749424890,-5693855031098602465,Xyliase Chat,1452968516,UserStatusRecently
justaregularjoe,711479675,-6405171161127186330,Xyliase Chat,1452968516,UserStatusRecently
rimkus94,801768938,-4452097962728328680,Xyliase Chat,1452968516,UserStatusRecently
iRAKNN,151987906,8425510165645314994,Xyliase Chat,1452968516,UserStatusRecently
ramember,953012137,7161211630930525532,Xyliase Chat,1452968516,UserStatusRecently
,1987476342,767836521636899941,Xyliase Chat,1452968516,2022-06-05 05:19:47+00:00
Michaelburry11,1345630552,197362671128023610,Xyliase Chat,1452968516,UserStatusRecently
richsmokke,1830703861,4866223449802186900,Xyliase Chat,1452968516,2022-06-05 20:23:54+00:00
robinstafford,1019378060,1306072769638635182,Xyliase Chat,1452968516,UserStatusRecently
raminex,109416332,-8489169895337856326,Xyliase Chat,1452968516,UserStatusRecently
RandomBoyu,601572828,8029346967108953356,Xyliase Chat,1452968516,UserStatusRecently
rubi747,676625445,-2040784095268729903,Xyliase Chat,1452968516,UserStatusRecently
retord45,1781479860,2724847074839950992,Xyliase Chat,1452968516,UserStatusRecently
strejf,839221533,6088913008273115234,Xyliase Chat,1452968516,UserStatusRecently
Reitak,662701820,-2612557269376233914,Xyliase Chat,1452968516,UserStatusRecently
rlbmods,1363679068,1107542045906371798,Xyliase Chat,1452968516,2022-06-05 12:14:47+00:00
rumjantsev_aa,284633629,-6210504670647384984,Xyliase Chat,1452968516,UserStatusRecently
Romany09,952369087,-8825622779803140065,Xyliase Chat,1452968516,2022-06-05 02:15:58+00:00
movedon22,474362377,4120955189836150670,Xyliase Chat,1452968516,UserStatusRecently
RaiTele,38290999,-4300038172651466667,Xyliase Chat,1452968516,UserStatusRecently
RezoAtomicWayne,1227156103,6484389417729101495,Xyliase Chat,1452968516,2022-06-05 20:16:01+00:00
RootkitSYS,646673225,-662942862945985328,Xyliase Chat,1452968516,2022-06-05 02:15:27+00:00
qwer2415wy,1645997380,8312206560528521087,Xyliase Chat,1452968516,2022-06-05 03:40:26+00:00
qpeckin,1370766904,-126210697635232664,Xyliase Chat,1452968516,2022-06-05 15:58:55+00:00
qwertyHr,1040269752,4848763161332691273,Xyliase Chat,1452968516,UserStatusRecently
,5459492352,9142440153641797807,Xyliase Chat,1452968516,2022-06-05 21:29:35+00:00
peekmonth6,850823304,-3557222149529546775,Xyliase Chat,1452968516,UserStatusRecently
,5340191347,6140762720856815486,Xyliase Chat,1452968516,2022-06-05 21:01:45+00:00
Priessttt,1084722285,-8412865366873589407,Xyliase Chat,1452968516,UserStatusRecently
darkpain12,5254313592,-6152193131112345784,Xyliase Chat,1452968516,2022-06-05 14:03:58+00:00
pusats,2099833309,-8831203073941176414,Xyliase Chat,1452968516,UserStatusRecently
,946653711,4528900756999098233,Xyliase Chat,1452968516,2022-06-05 13:19:47+00:00
platiniumtlg,5365242579,6941989418269106164,Xyliase Chat,1452968516,2022-06-05 21:46:07+00:00
pleasuro,5044267253,997105104581264159,Xyliase Chat,1452968516,UserStatusRecently
Python928,5140993079,-2988046289020000666,Xyliase Chat,1452968516,2022-06-05 13:27:46+00:00
nirvy,896775859,-1380469139459658942,Xyliase Chat,1452968516,UserStatusRecently
Pierre_gaj,773331862,3204393762664843315,Xyliase Chat,1452968516,UserStatusRecently
ilpandone,5057384734,3892167628511207070,Xyliase Chat,1452968516,2022-06-05 18:19:34+00:00
postuwu,840129447,-3590690132019136713,Xyliase Chat,1452968516,UserStatusRecently
,5200989414,6156026136089892971,Xyliase Chat,1452968516,2022-06-05 19:27:33+00:00
purple_lamborghini,1070390744,-2157921571513256334,Xyliase Chat,1452968516,UserStatusRecently
pushlinalexander,1688414933,257693129275355764,Xyliase Chat,1452968516,UserStatusRecently
patrickbateman_ny,5206511589,134218522585260557,Xyliase Chat,1452968516,2022-06-05 19:53:14+00:00
Loganus0001,1952268940,-5812198323867257447,Xyliase Chat,1452968516,2022-06-05 21:46:30+00:00
lensassa,1748455120,6960415177711758155,Xyliase Chat,1452968516,2022-06-05 01:06:35+00:00
metipz,1478616786,-2958939513249016071,Xyliase Chat,1452968516,UserStatusRecently
poorboybrokeagain,974953536,-2645338541378112572,Xyliase Chat,1452968516,2022-06-05 17:39:30+00:00
PhysicsBreak,1151088323,-4608619746572437947,Xyliase Chat,1452968516,UserStatusRecently
OHPUTIN,756149948,-8819136082178831946,Xyliase Chat,1452968516,UserStatusRecently
piful,715594536,-6049066708291677373,Xyliase Chat,1452968516,2022-06-05 11:37:27+00:00
petamm,2145108492,-8955098747169233893,Xyliase Chat,1452968516,UserStatusRecently
priyanshu9588,1244211454,6867180832349968762,Xyliase Chat,1452968516,2022-06-05 16:38:26+00:00
petezp,2139208105,1652931722048845496,Xyliase Chat,1452968516,UserStatusRecently
jolieprince,601974939,-1776828546623638603,Xyliase Chat,1452968516,2022-06-05 16:09:49+00:00
poutergutorov,1151927433,-4731656543103967392,Xyliase Chat,1452968516,UserStatusRecently
pulisia,384315013,6689377144065628074,Xyliase Chat,1452968516,UserStatusRecently
primeraxx,1710149467,-1751936917722319458,Xyliase Chat,1452968516,UserStatusRecently
P4N7H3R,1528090540,-6685065843271734200,Xyliase Chat,1452968516,UserStatusRecently
CUNGCUNG2,679595293,959817821690328769,Xyliase Chat,1452968516,UserStatusRecently
,1534081142,4120933255955121598,Xyliase Chat,1452968516,2022-06-05 06:12:29+00:00
PiggyAwesomeXD,1664511927,6790672700459826375,Xyliase Chat,1452968516,2022-06-05 17:54:24+00:00
,1405376385,-4134392238754439081,Xyliase Chat,1452968516,UserStatusRecently
PoggerMan1,1705902322,-1641057107720538892,Xyliase Chat,1452968516,2022-06-05 08:06:17+00:00
peeppopbitch,877460593,4243711651791531949,Xyliase Chat,1452968516,UserStatusRecently
precies,818074975,1825531726008519760,Xyliase Chat,1452968516,2022-06-05 21:41:18+00:00
ProfessionalDumbas,451391147,-4472580477731834431,Xyliase Chat,1452968516,2022-06-05 20:00:42+00:00
pytonit,1190692658,3990174602691376398,Xyliase Chat,1452968516,UserStatusRecently
AncientBananaOld,874088040,-6698674912465624850,Xyliase Chat,1452968516,UserStatusRecently
plattio,667625151,-6476592661378302824,Xyliase Chat,1452968516,UserStatusRecently
ESTAgNAT,810391163,8509847995661142280,Xyliase Chat,1452968516,UserStatusRecently
JakeInCrypto,396403138,-419936970564530999,Xyliase Chat,1452968516,UserStatusRecently
spaceX326,1125296864,378323692258360998,Xyliase Chat,1452968516,2022-06-05 18:56:57+00:00
PlayGameGabriele,322662118,-1971017132059470853,Xyliase Chat,1452968516,2022-06-05 17:24:59+00:00
,1870095906,-7306509010870341427,Xyliase Chat,1452968516,UserStatusRecently
GrandOwl,1794061451,-6558567069001411078,Xyliase Chat,1452968516,UserStatusRecently
Jayyanops,616462127,5581805026184629087,Xyliase Chat,1452968516,UserStatusRecently
oxj4y,1304118190,1900027779664882647,Xyliase Chat,1452968516,2022-06-05 13:51:59+00:00
ManuHr,185122855,393358615620723346,Xyliase Chat,1452968516,UserStatusRecently
Ale_on_Drugs,1913171348,-8187994906860976190,Xyliase Chat,1452968516,2022-06-05 21:44:04+00:00
OsamaBinn,916811191,8928776656677660469,Xyliase Chat,1452968516,UserStatusRecently
,1156872672,-1391221024236862096,Xyliase Chat,1452968516,2022-06-05 15:34:11+00:00
JoshuaThatGuy3,1352112891,-4279228152182487444,Xyliase Chat,1452968516,2022-06-05 21:46:36+00:00
legenddon,1104614674,-2461609396414784650,Xyliase Chat,1452968516,UserStatusRecently
OG_18788,1732653473,-7838519541538190016,Xyliase Chat,1452968516,UserStatusRecently
Oxf100111,1959088199,6535544979240791934,Xyliase Chat,1452968516,UserStatusRecently
onGod1011,1805430074,8630274372356214397,Xyliase Chat,1452968516,2022-06-05 19:02:50+00:00
ox11b,5029921945,8728438439417646945,Xyliase Chat,1452968516,2022-06-05 15:37:39+00:00
OneTricky,1109260694,2792182283377023267,Xyliase Chat,1452968516,2022-06-05 15:01:11+00:00
ow9kj1w,1286562399,5107232954585212415,Xyliase Chat,1452968516,2022-06-05 05:46:55+00:00
drakonorozhdennuy,1522283011,3211916434146490391,Xyliase Chat,1452968516,UserStatusRecently
oncarrysup,856022440,-6158709208054036547,Xyliase Chat,1452968516,UserStatusRecently
Oyazzz,1527284508,-2421810008184913014,Xyliase Chat,1452968516,UserStatusRecently
Bl4ck_orli,1251258862,-5221864967645285023,Xyliase Chat,1452968516,2022-06-05 21:38:05+00:00
oleh21,303360686,-2064345855511259230,Xyliase Chat,1452968516,UserStatusRecently
BenelliM2,946778497,4610009328157866135,Xyliase Chat,1452968516,UserStatusRecently
BillLead12,1828670607,-6765291306179586012,Xyliase Chat,1452968516,2022-06-05 21:31:09+00:00
onosamo1,442067501,6317943515671464341,Xyliase Chat,1452968516,UserStatusOnline
Oxjue,2002680744,-2470081101434603839,Xyliase Chat,1452968516,2022-06-05 13:36:36+00:00
Jas1278,1473294157,-8281078682405485627,Xyliase Chat,1452968516,UserStatusRecently
OMNIC0RE,1786341082,2438645370139279189,Xyliase Chat,1452968516,UserStatusRecently
osc10,1600925976,-1935067726521723889,Xyliase Chat,1452968516,2022-06-05 18:15:22+00:00
heartcord,1761230321,8867712850337901806,Xyliase Chat,1452968516,2022-06-05 19:35:14+00:00
OrgasmicDumper,1106933538,4538745886756241877,Xyliase Chat,1452968516,UserStatusRecently
hunter_opG,771487265,3541624576832510903,Xyliase Chat,1452968516,UserStatusRecently
oren95,130776262,-3442051363673220660,Xyliase Chat,1452968516,UserStatusRecently
OatFire,487929095,8974143894420475557,Xyliase Chat,1452968516,UserStatusRecently
H0RUS,819881204,5893115854569159445,Xyliase Chat,1452968516,UserStatusRecently
nicvaldy,1760039398,2808050490669026392,Xyliase Chat,1452968516,UserStatusRecently
eugenenahh,1531054409,4096327925772617000,Xyliase Chat,1452968516,UserStatusRecently
IAoAl,1944636388,-8447593543235096688,Xyliase Chat,1452968516,UserStatusRecently
noir1337,5138174087,-5426358763018262175,Xyliase Chat,1452968516,2022-06-05 21:16:21+00:00
nobody0118,1172277328,8239381179967720509,Xyliase Chat,1452968516,UserStatusRecently
ngl8a87,134796751,-5521183633017432298,Xyliase Chat,1452968516,UserStatusRecently
CryptHUB_n1,2104087981,-8278422870514470467,Xyliase Chat,1452968516,UserStatusRecently
Nunesmauro,174512760,-196549972615351537,Xyliase Chat,1452968516,2022-06-05 20:50:09+00:00
name20936,604301904,873911182768040503,Xyliase Chat,1452968516,UserStatusRecently
Niwi333,5090897520,-5837130859344897909,Xyliase Chat,1452968516,2022-06-05 16:56:06+00:00
NullRien,1825912811,-8720833694106635992,Xyliase Chat,1452968516,2022-06-05 20:17:17+00:00
,1941844450,2406069458529910742,Xyliase Chat,1452968516,UserStatusRecently
morfingus,181979236,-1889999561438554342,Xyliase Chat,1452968516,UserStatusRecently
Hades155,640160377,3880907768385804296,Xyliase Chat,1452968516,UserStatusRecently
DialedInNate,714461766,-2545719179967468114,Xyliase Chat,1452968516,UserStatusRecently
cryptodealerxxx,1570210040,-4348883401952416122,Xyliase Chat,1452968516,UserStatusRecently
ntenis,178437387,3479778624233548207,Xyliase Chat,1452968516,UserStatusRecently
nelsonbrown000,1819871764,-2250173773264718705,Xyliase Chat,1452968516,2022-06-05 21:39:23+00:00
HABIBKURIZIEQ,2012062738,6761084537558429487,Xyliase Chat,1452968516,2022-06-05 17:43:28+00:00
nftfigure,5070027488,7740942196122863029,Xyliase Chat,1452968516,UserStatusRecently
,837574121,-5461909191124966132,Xyliase Chat,1452968516,UserStatusRecently
,1879255456,1568632977875802248,Xyliase Chat,1452968516,2022-06-05 16:05:54+00:00
noname401,1667207049,-4656122116982544120,Xyliase Chat,1452968516,2022-06-05 08:55:21+00:00
nutella_ninja,1023289646,-3503644813920460151,Xyliase Chat,1452968516,UserStatusRecently
NewbieMoto,802591405,-5906090577367143114,Xyliase Chat,1452968516,2022-06-05 19:02:24+00:00
nikkosski,273740419,-1875084758308049618,Xyliase Chat,1452968516,UserStatusRecently
notduy,1484201504,-6886348364451635084,Xyliase Chat,1452968516,UserStatusRecently
Nixh5,536615776,-3806934021439906306,Xyliase Chat,1452968516,UserStatusRecently
nofuckinone20,522085550,7473049609175783622,Xyliase Chat,1452968516,UserStatusRecently
n0xeo,207682205,-6429307462570568115,Xyliase Chat,1452968516,UserStatusRecently
Selenium94,848008066,-6402479593097520449,Xyliase Chat,1452968516,UserStatusOnline
NearPM,1548625101,-6616631412931901969,Xyliase Chat,1452968516,UserStatusRecently
nothing_387,651357747,4534732521403618667,Xyliase Chat,1452968516,2022-06-05 16:43:16+00:00
ElChapoDiZona,1066413596,1963790862480009857,Xyliase Chat,1452968516,UserStatusRecently
nomanuk,900979613,-2469251251119400376,Xyliase Chat,1452968516,UserStatusRecently
,1021523300,4673593202934113095,Xyliase Chat,1452968516,2022-06-05 12:30:01+00:00
Exm_1,949881132,3521222668613196399,Xyliase Chat,1452968516,2022-06-05 16:43:36+00:00
mrnoname1231,845807118,4376518081903778820,Xyliase Chat,1452968516,2022-06-05 12:23:22+00:00
KobaL420,1362331294,8583540453358924192,Xyliase Chat,1452968516,2022-06-05 21:20:58+00:00
dayfunny001,1900948107,-1423190837975276869,Xyliase Chat,1452968516,UserStatusRecently
ELMATADOR69,1233489849,-478082138093495043,Xyliase Chat,1452968516,2022-06-05 14:40:52+00:00
mghost777,841320396,7208821806721551268,Xyliase Chat,1452968516,UserStatusRecently
mremme,218681721,-6692927298460720519,Xyliase Chat,1452968516,UserStatusRecently
Mixxel,880583350,6845572677967011901,Xyliase Chat,1452968516,2022-06-05 21:29:34+00:00
meow_3hrf,837891975,2025019721834739549,Xyliase Chat,1452968516,UserStatusRecently
milkyup,2055337224,3315922759359050402,Xyliase Chat,1452968516,UserStatusRecently
,1300533717,1676283662623885071,Xyliase Chat,1452968516,2022-06-05 19:55:48+00:00
mediacapital,1753222529,-6044049283261548532,Xyliase Chat,1452968516,UserStatusRecently
myivcan,1694230574,-3253812611223329441,Xyliase Chat,1452968516,2022-06-05 17:21:12+00:00
Mork1e,1379599969,3360284410518229513,Xyliase Chat,1452968516,2022-06-05 01:31:27+00:00
morandiprofessional,2110286186,-7068169091337940856,Xyliase Chat,1452968516,2022-06-05 17:17:00+00:00
myuseristaken,807570980,-8980113287008948785,Xyliase Chat,1452968516,2022-06-05 15:27:13+00:00
memphis661,741932434,6791736772868491737,Xyliase Chat,1452968516,UserStatusRecently
mzk12,646672331,-4350958301086813566,Xyliase Chat,1452968516,2022-06-05 12:16:55+00:00
muhammad_ebrahim,506910806,-710510840094297776,Xyliase Chat,1452968516,2022-06-05 21:16:55+00:00
,1942283152,2491572452559545879,Xyliase Chat,1452968516,UserStatusRecently
metozon,1280506101,8224859898375288189,Xyliase Chat,1452968516,2022-06-05 21:01:56+00:00
megaur,977160660,-7575657785510143662,Xyliase Chat,1452968516,UserStatusRecently
Minoruzz,1093910466,-4983662746893501025,Xyliase Chat,1452968516,UserStatusRecently
megumin_fbs,931623048,3780855146510528594,Xyliase Chat,1452968516,UserStatusRecently
avezking,651721446,-539899618046929068,Xyliase Chat,1452968516,UserStatusRecently
Maro988,1337547626,-1253408844578795181,Xyliase Chat,1452968516,UserStatusRecently
jkssua,669025297,-6052420897301674555,Xyliase Chat,1452968516,UserStatusRecently
,5166664782,2621246265882543220,Xyliase Chat,1452968516,2022-06-05 18:26:25+00:00
Arthu05,603819177,1001954942893655378,Xyliase Chat,1452968516,UserStatusRecently
,2095073340,-6506651254496473177,Xyliase Chat,1452968516,2022-06-05 21:42:37+00:00
magicalcat,1878305854,2177415098167824239,Xyliase Chat,1452968516,2022-06-05 13:29:54+00:00
cybermanss,1673012875,3846358074416965160,Xyliase Chat,1452968516,UserStatusRecently
Mobiusgen,474389023,-884457761490352225,Xyliase Chat,1452968516,UserStatusRecently
Apeitnow,1087535447,-1224125406958550051,Xyliase Chat,1452968516,UserStatusRecently
m213213213,763835254,-9161196442121820431,Xyliase Chat,1452968516,UserStatusRecently
LanceHoucho,674525714,-4335933304370882042,Xyliase Chat,1452968516,UserStatusRecently
hahalalashao,1677614324,-3161267162379200223,Xyliase Chat,1452968516,UserStatusRecently
museii,1099493470,852936955983655022,Xyliase Chat,1452968516,2022-06-05 19:10:32+00:00
camilomontoya57,576797309,-1943147268593905050,Xyliase Chat,1452968516,UserStatusRecently
mysteryape,700052798,1693123147186059076,Xyliase Chat,1452968516,UserStatusRecently
MyDogsNameIsSadie,544653572,4755913795958891640,Xyliase Chat,1452968516,UserStatusRecently
cashmonte,1236437971,3343407461062042479,Xyliase Chat,1452968516,UserStatusRecently
chipulx,716552448,8837403271657401076,Xyliase Chat,1452968516,UserStatusRecently
MikoJp,1317904663,-3059022468359522728,Xyliase Chat,1452968516,UserStatusRecently
milanwastaken,426272585,-6396544377232260013,Xyliase Chat,1452968516,2022-06-05 21:20:28+00:00
,758538358,3462924211151724543,Xyliase Chat,1452968516,UserStatusRecently
FormigaTop,1628579419,6225439211738584305,Xyliase Chat,1452968516,2022-06-05 21:09:35+00:00
MavisOGU,672319197,-1978998661425797614,Xyliase Chat,1452968516,UserStatusRecently
mahdib231,886386709,-7703286255045786034,Xyliase Chat,1452968516,2022-06-05 21:44:22+00:00
jakemayer,578142938,-8248808525461337330,Xyliase Chat,1452968516,2022-06-05 19:00:50+00:00
mayefnggoe,1894633872,-7900263780377234064,Xyliase Chat,1452968516,2022-06-05 16:34:16+00:00
charmtroll,801160162,-8762935455639316427,Xyliase Chat,1452968516,UserStatusRecently
,400685872,-3690469804390506835,Xyliase Chat,1452968516,2022-06-05 18:14:25+00:00
iiMOD,119785957,7616687263775636503,Xyliase Chat,1452968516,UserStatusRecently
cocked,986147539,5989800735336257328,Xyliase Chat,1452968516,UserStatusRecently
,1621322785,-9072172846494574277,Xyliase Chat,1452968516,UserStatusOnline
,920491552,-9170044286805569715,Xyliase Chat,1452968516,2022-06-05 19:22:19+00:00
mxt101,712061920,839001645167224607,Xyliase Chat,1452968516,UserStatusRecently
Mystics12,1119304905,-3362590459830026917,Xyliase Chat,1452968516,2022-06-05 05:52:23+00:00
MoonBlocks,539556587,9174649183983018856,Xyliase Chat,1452968516,UserStatusRecently
MoonJaei,1246831055,-3364640366020702382,Xyliase Chat,1452968516,UserStatusRecently
Lmaogg2,1470912906,6775846299446374839,Xyliase Chat,1452968516,UserStatusRecently
levelings,5273508125,1906183489277861760,Xyliase Chat,1452968516,UserStatusRecently
aigubao,698736828,7865189458858482718,Xyliase Chat,1452968516,UserStatusRecently
LeChapelierFou,982456697,-3827032022454579839,Xyliase Chat,1452968516,2022-06-05 20:55:36+00:00
Logical777,5317115430,4639178888188007688,Xyliase Chat,1452968516,2022-06-05 09:41:34+00:00
booba58,5127145137,8293843872617064258,Xyliase Chat,1452968516,UserStatusRecently
ljlacy15,1345857735,3421606369231722260,Xyliase Chat,1452968516,2022-06-05 08:37:48+00:00
lumaOGU,1286018453,8869726423248284641,Xyliase Chat,1452968516,2022-06-05 21:29:44+00:00
Lemonlemonadeshop,1287671123,1181430500170064950,Xyliase Chat,1452968516,UserStatusRecently
LegendDavid,519813374,-4819881717815125080,Xyliase Chat,1452968516,2022-06-05 17:11:19+00:00
laxflame,932736035,-5362548563147486765,Xyliase Chat,1452968516,UserStatusRecently
jesusl0rd,1204566877,3806140781390585498,Xyliase Chat,1452968516,UserStatusRecently
,780159628,7389257522118512123,Xyliase Chat,1452968516,UserStatusRecently
lam8008,1693890291,-8295936073660787011,Xyliase Chat,1452968516,UserStatusRecently
LordCorn,873247058,1787044413200507600,Xyliase Chat,1452968516,2022-06-05 21:37:39+00:00
Lemon1213,879161975,-7168905514964684246,Xyliase Chat,1452968516,UserStatusRecently
LLLLL01121,1829868615,-7196020195967692396,Xyliase Chat,1452968516,UserStatusRecently
Lothbrok303,2043058269,8039271966799748924,Xyliase Chat,1452968516,2022-06-05 12:26:13+00:00
lonn3ie,1165793929,3316801748142743290,Xyliase Chat,1452968516,2022-06-05 10:08:28+00:00
davidlaid09,1835238500,6955757967367272164,Xyliase Chat,1452968516,UserStatusRecently
lxi1400,1364800611,-7486484849736751233,Xyliase Chat,1452968516,UserStatusRecently
llariellll,715690414,-2950511342980266961,Xyliase Chat,1452968516,UserStatusRecently
kuariai,259599192,-7997825924040083096,Xyliase Chat,1452968516,UserStatusRecently
loganpromos,679723057,-5279975541196954627,Xyliase Chat,1452968516,UserStatusRecently
m1r4f0rl1f3,455767695,-7998731442662275403,Xyliase Chat,1452968516,UserStatusRecently
,1030275848,31033900084646415,Xyliase Chat,1452968516,2022-06-05 21:31:48+00:00
LargoK,1534307168,-7263319415334659415,Xyliase Chat,1452968516,UserStatusRecently
Laggsative,985514552,707596682952652332,Xyliase Chat,1452968516,UserStatusRecently
fgw444,645140042,1535201642480125617,Xyliase Chat,1452968516,2022-06-05 14:55:26+00:00
Lineage2Interlude,727412331,4149572043097497191,Xyliase Chat,1452968516,2022-06-05 15:13:00+00:00
leon_405,928451853,-342378236877237557,Xyliase Chat,1452968516,UserStatusRecently
limitlessli,682444271,-1007178068929639107,Xyliase Chat,1452968516,UserStatusRecently
luxricher,304085172,-156718428835524192,Xyliase Chat,1452968516,UserStatusRecently
Gusty,711422801,8289925930529759634,Xyliase Chat,1452968516,2022-06-05 18:01:11+00:00
KyleIsOG,1051430186,8565860200426635944,Xyliase Chat,1452968516,UserStatusRecently
,1139714877,-5390846350524057973,Xyliase Chat,1452968516,2022-06-05 19:51:38+00:00
kursovod1,1076214907,-4874274813389843704,Xyliase Chat,1452968516,2022-06-05 19:00:19+00:00
ken2857,772997474,-175531192568553135,Xyliase Chat,1452968516,2022-06-05 14:24:47+00:00
,996853084,7239983772932588325,Xyliase Chat,1452968516,UserStatusRecently
karmagenetics,822073949,-345766092991775050,Xyliase Chat,1452968516,UserStatusRecently
keloman,2041960849,-3096398320226324488,Xyliase Chat,1452968516,2022-06-05 19:54:30+00:00
kosuke1993,536792830,450827941429897541,Xyliase Chat,1452968516,2022-06-05 19:44:17+00:00
kyt427,1639415661,-7905146029096484481,Xyliase Chat,1452968516,2022-06-05 18:43:48+00:00
kenneff,24676757,-7564768893274872567,Xyliase Chat,1452968516,2022-06-05 16:52:27+00:00
Kizzh,981252529,778275132766437854,Xyliase Chat,1452968516,2022-06-05 13:37:33+00:00
kalkidev,2019051905,3484351924341714997,Xyliase Chat,1452968516,2022-06-05 21:17:03+00:00
Krissh69toor,1313550351,-6365040156707480076,Xyliase Chat,1452968516,UserStatusRecently
divarosn,944058875,-1812492455673136420,Xyliase Chat,1452968516,UserStatusRecently
kingkong8890,1170089965,-8020994514131865331,Xyliase Chat,1452968516,UserStatusRecently
glav_komand,1043973033,-2950342739997859596,Xyliase Chat,1452968516,UserStatusRecently
kastanyer0,515597296,-6284419840241199397,Xyliase Chat,1452968516,2022-06-05 21:39:17+00:00
kzqop,5065992876,-6914162032339949051,Xyliase Chat,1452968516,2022-06-05 09:12:32+00:00
KeepStriving,1324303656,2430593792432817116,Xyliase Chat,1452968516,UserStatusRecently
futoh9559,1189313670,6253431996236253195,Xyliase Chat,1452968516,2022-06-05 09:53:41+00:00
,1745421249,5747735695305207557,Xyliase Chat,1452968516,UserStatusRecently
ko537,1738307921,5118152835233193211,Xyliase Chat,1452968516,UserStatusRecently
Kentuks01,1603745279,164617869612800828,Xyliase Chat,1452968516,UserStatusRecently
Beloursus,968055156,4616102755674449935,Xyliase Chat,1452968516,UserStatusRecently
,1917800788,-874630417887035826,Xyliase Chat,1452968516,2022-06-05 01:10:37+00:00
krishiscool,1727892758,4140264913343080606,Xyliase Chat,1452968516,2022-06-05 16:01:40+00:00
korn9kov,1768137556,-6973893845672286688,Xyliase Chat,1452968516,2022-06-05 04:46:27+00:00
Acey7172,719188717,178701960791018575,Xyliase Chat,1452968516,2022-06-05 16:55:49+00:00
Sheeeshmaaaan,1179663926,-1692298023509308253,Xyliase Chat,1452968516,UserStatusRecently
,1856329893,6636759001242862182,Xyliase Chat,1452968516,2022-06-05 15:17:59+00:00
,1189588097,965284443863908136,Xyliase Chat,1452968516,UserStatusRecently
kermit_froggg,764173816,-1647072981023526484,Xyliase Chat,1452968516,2022-06-05 16:41:28+00:00
keopSKefren,608625878,-6334203616241484202,Xyliase Chat,1452968516,UserStatusRecently
KRG007,545955752,-7854614365299846850,Xyliase Chat,1452968516,UserStatusRecently
Jerry12798,547166656,-1565225358922833972,Xyliase Chat,1452968516,2022-06-05 20:29:03+00:00
,813590027,-84697832153615076,Xyliase Chat,1452968516,2022-06-05 09:40:11+00:00
fotis32,1354353245,3350379642152272903,Xyliase Chat,1452968516,2022-06-05 20:20:35+00:00
KenzX,392789895,8374746930654181934,Xyliase Chat,1452968516,UserStatusRecently
jjapplee,1948431421,3511542761896609060,Xyliase Chat,1452968516,2022-06-05 19:08:11+00:00
,5494702598,3609582451122429281,Xyliase Chat,1452968516,2022-06-05 12:29:06+00:00
,5327001412,6137501060717535243,Xyliase Chat,1452968516,2022-06-05 21:02:55+00:00
jorgesnt,5024881008,-2557130247434002442,Xyliase Chat,1452968516,2022-06-05 18:59:03+00:00
,1453092717,37907937513912122,Xyliase Chat,1452968516,2022-06-05 08:53:45+00:00
JacoBTC,1786679973,-7048548691292909248,Xyliase Chat,1452968516,UserStatusRecently
JoeBean404,5087362292,8157779770433845659,Xyliase Chat,1452968516,UserStatusRecently
ddsirs3,504331425,3962640953487314458,Xyliase Chat,1452968516,2022-06-05 14:04:02+00:00
jairiko,1067646474,-8908984931812139774,Xyliase Chat,1452968516,2022-06-05 13:27:21+00:00
fedexoff,5003055995,-7536457132865425747,Xyliase Chat,1452968516,2022-06-05 16:28:12+00:00
john69qwe,2085050004,4849084001149886440,Xyliase Chat,1452968516,UserStatusRecently
,5245804147,-4451041356837179482,Xyliase Chat,1452968516,2022-06-05 20:52:55+00:00
Jeks_8,723785862,5375925710310377828,Xyliase Chat,1452968516,UserStatusRecently
j0sh0p,939349580,-5083596548179760374,Xyliase Chat,1452968516,UserStatusRecently
jackson3844,1961556947,7114096651176519820,Xyliase Chat,1452968516,2022-06-05 03:47:45+00:00
Diya_4,1719802879,8336007572587864091,Xyliase Chat,1452968516,2022-06-05 19:48:39+00:00
Jamesfromfinance,2055501354,7890520488852677232,Xyliase Chat,1452968516,UserStatusRecently
,5030592288,5361473724431505434,Xyliase Chat,1452968516,2022-06-05 18:28:55+00:00
haroonjamil,1278499196,6920334250912540647,Xyliase Chat,1452968516,UserStatusRecently
jvde5025,1775007475,4771460244313179271,Xyliase Chat,1452968516,UserStatusRecently
Jason9215,1858292133,-7937683275774803219,Xyliase Chat,1452968516,UserStatusRecently
Jaytee14,715658550,1353478382150911283,Xyliase Chat,1452968516,UserStatusRecently
Javen112,718026008,7266427494573424340,Xyliase Chat,1452968516,2022-06-05 04:28:20+00:00
JackConan,905374588,4508044109697080994,Xyliase Chat,1452968516,UserStatusRecently
JohnBoyCrypto,1607520668,-6755297441135409364,Xyliase Chat,1452968516,2022-06-05 06:24:50+00:00
jeepii,196453039,1059867134434165649,Xyliase Chat,1452968516,2022-06-05 21:44:27+00:00
ijenniferlim,735762269,-4860272260360414945,Xyliase Chat,1452968516,UserStatusRecently
Jesse1321,1890176877,4663691869087975201,Xyliase Chat,1452968516,2022-06-05 15:13:45+00:00
JamesPPM,549865006,-6382404759945341579,Xyliase Chat,1452968516,UserStatusRecently
John99x,989379432,1979402555229667893,Xyliase Chat,1452968516,UserStatusRecently
jimmyjohn6,1786936355,2232343893471528477,Xyliase Chat,1452968516,2022-06-05 07:14:23+00:00
exinty,1511065853,-7032555503497850970,Xyliase Chat,1452968516,UserStatusRecently
jonab1233,756643797,-8000021994648398975,Xyliase Chat,1452968516,UserStatusRecently
,1216453747,-346564576949262998,Xyliase Chat,1452968516,2022-06-05 14:28:42+00:00
JackContact,1375439428,7435972151464682064,Xyliase Chat,1452968516,UserStatusRecently
MKEcrypto,356022416,-8301343329884425277,Xyliase Chat,1452968516,UserStatusRecently
Jesuschristmyfriend,309588549,7474659442777192340,Xyliase Chat,1452968516,UserStatusRecently
igornikolin,1569729916,2554545557892582327,Xyliase Chat,1452968516,2022-06-05 19:01:00+00:00
IsshoXD,794139809,-6703411525724159480,Xyliase Chat,1452968516,2022-06-05 14:32:25+00:00
i01001010101011,1642879121,6243409357348633551,Xyliase Chat,1452968516,2022-06-05 13:59:26+00:00
Itesium,1438616727,4971593553516696157,Xyliase Chat,1452968516,UserStatusRecently
IcldOfff,2084909513,-6240570196851722811,Xyliase Chat,1452968516,2022-06-05 21:36:18+00:00
badinfluence666,5303933906,-9067310740218384379,Xyliase Chat,1452968516,2022-06-05 20:45:50+00:00
icy666,346445305,5084569061275335046,Xyliase Chat,1452968516,UserStatusRecently
igor32884,843545202,7868662744986733622,Xyliase Chat,1452968516,UserStatusRecently
Iron0re,1222835701,-4350612153167547734,Xyliase Chat,1452968516,UserStatusRecently
IrisServices,5115142406,4342853995930766908,Xyliase Chat,1452968516,2022-06-05 06:10:08+00:00
Cyber_Inst,955776022,1005106132488709473,Xyliase Chat,1452968516,2022-06-05 20:52:18+00:00
intheend2021,1300309809,-3574509376066389162,Xyliase Chat,1452968516,UserStatusRecently
Iimbo,1945467753,-2919612344803995733,Xyliase Chat,1452968516,2022-06-05 21:13:34+00:00
ImLgxiT,827960151,-1967074671698249722,Xyliase Chat,1452968516,2022-06-05 21:34:44+00:00
HeavensWaffles,903904752,2059064865480638597,Xyliase Chat,1452968516,UserStatusRecently
henokito,2131537307,-7841902302445801251,Xyliase Chat,1452968516,2022-06-05 21:44:28+00:00
,5468237424,7545579480089513391,Xyliase Chat,1452968516,2022-06-05 20:51:57+00:00
HeloDonGoogle,2081827750,5295780641486791579,Xyliase Chat,1452968516,2022-06-05 14:02:29+00:00
BitBit0001,1751221215,4552721569805575313,Xyliase Chat,1452968516,2022-06-05 04:00:09+00:00
,1602738447,7366220018420098065,Xyliase Chat,1452968516,2022-06-05 10:23:11+00:00
,5358739363,2312769352419940744,Xyliase Chat,1452968516,2022-06-05 20:05:04+00:00
hYpeZzcro,1504045846,-336209400465588654,Xyliase Chat,1452968516,UserStatusRecently
Hars_Brar,779066042,5374361466913767893,Xyliase Chat,1452968516,2022-06-05 18:47:01+00:00
hadnerd,540032103,8540564209967891267,Xyliase Chat,1452968516,2022-06-05 17:32:47+00:00
HopperDev,2107275435,-323007461564284415,Xyliase Chat,1452968516,UserStatusRecently
halomessiah,825347530,-4862570006113528720,Xyliase Chat,1452968516,2022-06-05 20:36:38+00:00
h3ck3r,1716002356,-5364765190082048302,Xyliase Chat,1452968516,2022-06-05 11:09:10+00:00
Hazard0503,984201181,-3706764426304150737,Xyliase Chat,1452968516,UserStatusRecently
,1597491285,-1415207559296221373,Xyliase Chat,1452968516,UserStatusRecently
hzzint,1969690189,2085154381409358913,Xyliase Chat,1452968516,2022-06-05 15:21:35+00:00
hdhdbb100,1854255397,6066603522419496000,Xyliase Chat,1452968516,UserStatusRecently
Happydadl,1721872175,4514215884046423441,Xyliase Chat,1452968516,UserStatusRecently
baba1121,573330305,161847158718380714,Xyliase Chat,1452968516,2022-06-05 18:59:27+00:00
ajimraffles,792709660,-8906823569476639499,Xyliase Chat,1452968516,UserStatusRecently
Hayranx,682863983,-2116200039456746,Xyliase Chat,1452968516,UserStatusRecently
HassanClub,791061351,1319007936717012366,Xyliase Chat,1452968516,UserStatusRecently
,1599595089,1670745690653755327,Xyliase Chat,1452968516,UserStatusOnline
Goldtlg,5398184628,-2541129466694829213,Xyliase Chat,1452968516,2022-06-05 21:46:23+00:00
greatiez,547594253,6325856685972791383,Xyliase Chat,1452968516,UserStatusRecently
ggsmane,1661132998,1252942252266674854,Xyliase Chat,1452968516,2022-06-05 18:20:46+00:00
,5392134142,-6282492492524573486,Xyliase Chat,1452968516,2022-06-05 12:14:26+00:00
gumetdaurat,4188497,-5621170599262925426,Xyliase Chat,1452968516,2022-06-05 18:02:01+00:00
ge21o2,766958424,-3532396721414180864,Xyliase Chat,1452968516,UserStatusRecently
Downys,1036532342,-7882444444311674175,Xyliase Chat,1452968516,2022-06-05 02:18:05+00:00
faxgh,625781819,6800519116829515244,Xyliase Chat,1452968516,2022-06-05 19:36:12+00:00
Geezy000,431984766,1776663715851890967,Xyliase Chat,1452968516,UserStatusRecently
Gabriel_9782,956618082,5903638274038260551,Xyliase Chat,1452968516,UserStatusRecently
g0distheking,1243921354,-6102068414286257092,Xyliase Chat,1452968516,UserStatusRecently
alpha_Guruu,5011384473,5299774055625374206,Xyliase Chat,1452968516,2022-06-05 15:54:56+00:00
garryser,1988490012,-432508831939566517,Xyliase Chat,1452968516,2022-06-05 21:02:16+00:00
gendalfx,5168308672,-4177124244880383908,Xyliase Chat,1452968516,2022-06-05 12:43:21+00:00
gol3mm,1329893817,-4344366485692960710,Xyliase Chat,1452968516,UserStatusRecently
ggoma_bear,1027878583,8679307074226901567,Xyliase Chat,1452968516,UserStatusRecently
Galactic1,1799779718,-995551580917425816,Xyliase Chat,1452968516,UserStatusRecently
gomblq,5247234868,5767524670233020934,Xyliase Chat,1452968516,2022-06-05 21:36:20+00:00
giotronics,912982888,-8010723522401837758,Xyliase Chat,1452968516,2022-06-05 13:29:17+00:00
ariss_gr,852865402,7923475496018402790,Xyliase Chat,1452968516,UserStatusRecently
cristianomessi6,1454659072,5545772052514872911,Xyliase Chat,1452968516,2022-06-05 08:22:52+00:00
forip,934223475,-6434222226012163119,Xyliase Chat,1452968516,UserStatusRecently
AVRAGEGAMER,857865731,-8484102310279007137,Xyliase Chat,1452968516,UserStatusRecently
godetopa,1589370684,8439572730295636088,Xyliase Chat,1452968516,UserStatusRecently
,1715152516,4277000236961708166,Xyliase Chat,1452968516,2022-06-05 19:35:57+00:00
GlockShaker,468653432,926951894464960881,Xyliase Chat,1452968516,UserStatusRecently
GodFeedy,1291831829,2555655202230650286,Xyliase Chat,1452968516,2022-06-05 13:35:54+00:00
GoldRivera,309823025,4024198547658048769,Xyliase Chat,1452968516,UserStatusRecently
GenoveseMob,490017811,-8608868221043415095,Xyliase Chat,1452968516,2022-06-05 17:43:39+00:00
,1460891751,1959427281472551521,Xyliase Chat,1452968516,2022-06-05 16:05:21+00:00
fred_firebollov,5004575421,8542705695325214850,Xyliase Chat,1452968516,2022-06-05 20:25:43+00:00
fw3ak,1012219307,8346568640887462539,Xyliase Chat,1452968516,UserStatusRecently
Faze6767,2128055978,7728503849679886997,Xyliase Chat,1452968516,2022-06-05 16:41:39+00:00
FrostyDogz,1190831283,2267432027905066989,Xyliase Chat,1452968516,2022-06-05 19:09:37+00:00
drflip,720877096,-8021015325798106663,Xyliase Chat,1452968516,UserStatusRecently
EthereumV,414011607,9154424226257046701,Xyliase Chat,1452968516,UserStatusRecently
,5150682569,-3914604556306478645,Xyliase Chat,1452968516,2022-06-05 14:12:53+00:00
falconhoof,1703379147,3584066956966889797,Xyliase Chat,1452968516,UserStatusRecently
Femtosounds,1318745969,7159200677650276966,Xyliase Chat,1452968516,2022-06-05 16:00:48+00:00
arpatos,1243467560,-3560492165155203752,Xyliase Chat,1452968516,UserStatusRecently
,1873448662,5122127531073381795,Xyliase Chat,1452968516,UserStatusRecently
fedor1717,558910452,8548537881219961719,Xyliase Chat,1452968516,UserStatusRecently
dalefusco,920312301,6546952288158269234,Xyliase Chat,1452968516,2022-06-05 03:25:44+00:00
FrostnlXl,1429968475,5503015278252216994,Xyliase Chat,1452968516,2022-06-05 19:03:56+00:00
FrostChangerDE,359402217,-8807250642833877790,Xyliase Chat,1452968516,UserStatusRecently
flaming,618976124,-6971325286504217782,Xyliase Chat,1452968516,UserStatusRecently
FredPerry210,305624128,1967659731310911230,Xyliase Chat,1452968516,UserStatusRecently
entropyyyyyy,1777275499,-5806803384522529762,Xyliase Chat,1452968516,2022-06-05 01:12:11+00:00
ExoThaGawd,1801435558,-7670013620068460962,Xyliase Chat,1452968516,2022-06-05 14:40:30+00:00
employee,1033030198,-1766588079137614120,Xyliase Chat,1452968516,UserStatusRecently
Epie188,1268435718,4972864689610133223,Xyliase Chat,1452968516,2022-06-05 04:37:21+00:00
Elysion01,1462708275,6296060200881832263,Xyliase Chat,1452968516,2022-06-05 11:12:28+00:00
El1teZ,951825820,-1591531377266929045,Xyliase Chat,1452968516,UserStatusRecently
elitexape,2096326709,-343161656100790399,Xyliase Chat,1452968516,UserStatusRecently
emptyover,1293192127,3904286442956701681,Xyliase Chat,1452968516,2022-06-05 20:54:42+00:00
extractify,1897256119,418182398083556462,Xyliase Chat,1452968516,UserStatusRecently
EmptyCorp,1778152833,7442463917395756313,Xyliase Chat,1452968516,UserStatusRecently
elijahwho94662,1152614456,-9016597094625345516,Xyliase Chat,1452968516,2022-06-05 18:38:31+00:00
EndocryneETH,1631608268,-2879038903674454276,Xyliase Chat,1452968516,UserStatusRecently
easyboyking,513843330,-200140156094715640,Xyliase Chat,1452968516,UserStatusRecently
epicsales,612773448,-4518043840924699226,Xyliase Chat,1452968516,UserStatusRecently
Enzigo2,780003427,-5782444623030935721,Xyliase Chat,1452968516,UserStatusRecently
,1264907009,-4200344336566552045,Xyliase Chat,1452968516,UserStatusRecently
Dinaston,1282374094,3218763436651910021,Xyliase Chat,1452968516,2022-06-05 20:49:47+00:00
dulkadires,1567788139,2508468859772656024,Xyliase Chat,1452968516,UserStatusRecently
diokage,1561576823,5067880524438602583,Xyliase Chat,1452968516,2022-06-05 19:45:36+00:00
DGDeals420,5147609461,4124484006071285843,Xyliase Chat,1452968516,UserStatusRecently
Dread3443,921776715,6774759814219188882,Xyliase Chat,1452968516,UserStatusRecently
Deadzpool,1926062578,-5234955146017823209,Xyliase Chat,1452968516,UserStatusRecently
dar543z,889976251,-8361169944121983518,Xyliase Chat,1452968516,UserStatusRecently
Davidkomola,594165026,-5644280509353116072,Xyliase Chat,1452968516,UserStatusRecently
,1162024778,-6080723316122003352,Xyliase Chat,1452968516,2022-06-05 16:39:53+00:00
Dytch,1321230460,-1094060513447195693,Xyliase Chat,1452968516,2022-06-05 21:46:22+00:00
buxanca,130557703,5723134851317445157,Xyliase Chat,1452968516,UserStatusRecently
DetectiveConanSupport,953390105,6635642062567972542,Xyliase Chat,1452968516,UserStatusRecently
Discord8888,648978832,6176258940126100004,Xyliase Chat,1452968516,UserStatusRecently
ciaoninja,750735822,1568706816433879134,Xyliase Chat,1452968516,UserStatusRecently
BigCryptobrain,1680706550,-3040200326311592,Xyliase Chat,1452968516,2022-06-05 20:26:57+00:00
alt_ctrl_dtl,2033932797,3816612002576755973,Xyliase Chat,1452968516,UserStatusRecently
,768678654,439250924896378830,Xyliase Chat,1452968516,2022-06-05 17:26:35+00:00
dinerblne,2113617575,2239329921888984801,Xyliase Chat,1452968516,2022-06-05 15:28:44+00:00
DonJ18,1924724240,2165566778128652032,Xyliase Chat,1452968516,UserStatusRecently
delavoi,303788052,6271137590551119846,Xyliase Chat,1452968516,UserStatusRecently
dukan222,1905972149,-5243032492875954480,Xyliase Chat,1452968516,2022-06-05 08:53:43+00:00
,1782719814,-2321240521042388526,Xyliase Chat,1452968516,UserStatusRecently
Cube_DE,2141677659,5241915499644815519,Xyliase Chat,1452968516,UserStatusRecently
DisLuna,561157750,-7796404013923144408,Xyliase Chat,1452968516,UserStatusRecently
deadasds,963088212,4099006926132966316,Xyliase Chat,1452968516,UserStatusRecently
Dennix_0x,1772829624,5237362418753251150,Xyliase Chat,1452968516,UserStatusRecently
,1077534062,-1700504908925724144,Xyliase Chat,1452968516,2022-06-05 12:16:13+00:00
blizz82,21369489,6504735676563248333,Xyliase Chat,1452968516,UserStatusRecently
Activate7,636493049,-5726619036655118490,Xyliase Chat,1452968516,2022-06-05 21:40:10+00:00
dx34x,491579518,892334965387048191,Xyliase Chat,1452968516,UserStatusRecently
disguised,1176805613,-6363310392530591405,Xyliase Chat,1452968516,UserStatusRecently
dopaminezxc,1700237436,7860723639112579479,Xyliase Chat,1452968516,2022-06-05 13:37:57+00:00
AlexDagres,1273996764,-6582352452863458212,Xyliase Chat,1452968516,2022-06-05 20:59:56+00:00
Dark_Drake,339925920,-4873959016288269250,Xyliase Chat,1452968516,UserStatusRecently
,1956177973,-1461071231508155281,Xyliase Chat,1452968516,2022-06-05 14:39:45+00:00
CoDzMoDz,1880626081,-4308759036289155908,Xyliase Chat,1452968516,2022-06-05 10:07:41+00:00
dsylvm,334911223,-2787546104645715935,Xyliase Chat,1452968516,2022-06-05 01:18:51+00:00
Arapakos,1356214441,6076616431204944721,Xyliase Chat,1452968516,UserStatusRecently
df34a6aac0fcd33fa2334444cdea335d,383210280,-4392835687263354897,Xyliase Chat,1452968516,2022-06-05 21:31:20+00:00
bob_daboss123,1121947800,418279778555320370,Xyliase Chat,1452968516,2022-06-05 16:50:01+00:00
astucescoinminer,2039329898,-4417920046677281325,Xyliase Chat,1452968516,UserStatusRecently
CheeseCracke,1878519741,-5091570691588625613,Xyliase Chat,1452968516,UserStatusOnline
CheckTheTime,532084458,2126720669578911242,Xyliase Chat,1452968516,UserStatusRecently
Chvyn,1457890096,-1771837028064868933,Xyliase Chat,1452968516,UserStatusRecently
CERBER1112,1146353610,7837305317688403053,Xyliase Chat,1452968516,2022-06-05 04:06:44+00:00
,1856678322,6972564449862784191,Xyliase Chat,1452968516,UserStatusRecently
CheatForAll01,2127571348,3432059498869490486,Xyliase Chat,1452968516,2022-06-05 20:26:48+00:00
cicoxd,1387610952,-4149654196515801770,Xyliase Chat,1452968516,UserStatusRecently
chemoodan,5119016013,-1158454027260181041,Xyliase Chat,1452968516,UserStatusOnline
bubacorrelli,933946074,-6825420358011824790,Xyliase Chat,1452968516,UserStatusRecently
clurdy,1426114533,-4400429504480667125,Xyliase Chat,1452968516,2022-06-05 17:08:29+00:00
BigGeorges,843048275,-2969777160251834187,Xyliase Chat,1452968516,UserStatusRecently
champagneswap,5015038760,3906945406928280268,Xyliase Chat,1452968516,2022-06-05 20:15:49+00:00
camzure,1898473877,-6935602111005609747,Xyliase Chat,1452968516,2022-06-05 17:23:11+00:00
CityBoy44,1866019784,-3381322281215166144,Xyliase Chat,1452968516,UserStatusRecently
cayhello,634243561,-3042278937080536041,Xyliase Chat,1452968516,UserStatusRecently
CherkySolana,1979851521,8917157643147064081,Xyliase Chat,1452968516,UserStatusRecently
CryptoS1d,1333142085,7805093363420206141,Xyliase Chat,1452968516,UserStatusRecently
chamberco,5175624855,-8620559170076355920,Xyliase Chat,1452968516,UserStatusRecently
Cagataygulten,1932156917,6863717469330673649,Xyliase Chat,1452968516,2022-06-05 21:20:36+00:00
chrisz12,330635063,-3848737760387465952,Xyliase Chat,1452968516,UserStatusRecently
,1760555959,6420358515854642666,Xyliase Chat,1452968516,2022-06-05 19:53:46+00:00
cumcatpog,1454422211,-7452482500429542565,Xyliase Chat,1452968516,2022-06-05 10:42:28+00:00
cryptosalangha,1785252854,4049139414342417781,Xyliase Chat,1452968516,UserStatusRecently
cheatbandit,776516812,1426894888514834879,Xyliase Chat,1452968516,UserStatusRecently
chunyau95,1226754061,-4134105389031149385,Xyliase Chat,1452968516,UserStatusRecently
CHA9CHA9X,1213253617,7325789516255383174,Xyliase Chat,1452968516,UserStatusRecently
customnpc,1720139159,-2039775708138040819,Xyliase Chat,1452968516,UserStatusRecently
connor_126,670599157,-5868167222308716491,Xyliase Chat,1452968516,2022-06-05 15:09:51+00:00
,951486030,8902702715411430853,Xyliase Chat,1452968516,UserStatusRecently
,668169768,-140010787253860720,Xyliase Chat,1452968516,UserStatusRecently
Cedrik31tlse,1001746783,4221642573837609691,Xyliase Chat,1452968516,2022-06-05 16:42:15+00:00
chrisatlas,541264870,1519714657324849117,Xyliase Chat,1452968516,UserStatusRecently
CassiniSC,641657641,-8903577203189052959,Xyliase Chat,1452968516,UserStatusRecently
cozytron,985081009,-7100391474669122383,Xyliase Chat,1452968516,2022-06-05 16:18:45+00:00
Crypto202222222,276419562,8764557700818263975,Xyliase Chat,1452968516,UserStatusRecently
CRZA5,870250199,-6908906035446526874,Xyliase Chat,1452968516,2022-06-05 16:00:43+00:00
chakramvoil,624152144,6674692126235914759,Xyliase Chat,1452968516,2022-06-05 20:03:22+00:00
caffeinefreeme,101428828,-4478494348427882577,Xyliase Chat,1452968516,UserStatusRecently
ChiksMouche,1293908029,4104724045236329836,Xyliase Chat,1452968516,UserStatusRecently
CharonVlll,819151041,415401619026223048,Xyliase Chat,1452968516,UserStatusRecently
cni25555,1008254594,-6726916162028962892,Xyliase Chat,1452968516,UserStatusRecently
ckkckzkz,939640308,693627387003589457,Xyliase Chat,1452968516,UserStatusRecently
bismarckzuckerberg,1034649157,7150836841432942999,Xyliase Chat,1452968516,2022-06-05 16:16:30+00:00
,5212662931,-6289894978348835255,Xyliase Chat,1452968516,2022-06-05 19:34:42+00:00
Badskills,5367805687,1945840510469318800,Xyliase Chat,1452968516,2022-06-05 09:14:05+00:00
brabustm1,1465477441,-8038900602699174318,Xyliase Chat,1452968516,UserStatusRecently
blaczky,801396746,-5940872773135761892,Xyliase Chat,1452968516,2022-06-05 20:31:57+00:00
b4usTa,1209956910,7010762435708924862,Xyliase Chat,1452968516,UserStatusRecently
bullyn61,5003273042,-1473228087331652723,Xyliase Chat,1452968516,UserStatusRecently
bgxm2,5210756492,-8382916709114408697,Xyliase Chat,1452968516,2022-06-05 11:25:41+00:00
bobcatshea,976759214,-8534022165859723396,Xyliase Chat,1452968516,UserStatusRecently
biostock1,1880444822,6312420271901369728,Xyliase Chat,1452968516,UserStatusRecently
bigdikbettor,1334987400,-1248284588596879170,Xyliase Chat,1452968516,2022-06-05 16:01:27+00:00
bigboy0137,1732841703,1958636834074540412,Xyliase Chat,1452968516,UserStatusRecently
buzzedben,425890263,8013104567149483764,Xyliase Chat,1452968516,2022-06-05 17:38:54+00:00
BoteteMotete,1254516095,-8822611059191161523,Xyliase Chat,1452968516,2022-06-05 19:38:09+00:00
brunomcf,180638935,-3303458362219761689,Xyliase Chat,1452968516,UserStatusRecently
bbizz6,1869922092,5666800406970465443,Xyliase Chat,1452968516,UserStatusRecently
adrians2015,1445227601,4342016149298292387,Xyliase Chat,1452968516,2022-06-05 21:22:40+00:00
,1422802544,3645878341369265280,Xyliase Chat,1452968516,2022-06-05 15:44:15+00:00
banker228,1566172820,-478259596178255488,Xyliase Chat,1452968516,2022-06-05 20:34:03+00:00
BruceSilduk,534397934,-1912320985149481156,Xyliase Chat,1452968516,2022-06-05 09:02:20+00:00
belastingdienst,27437108,6937934447664599260,Xyliase Chat,1452968516,UserStatusRecently
batsox,1715852945,-2381360449208480657,Xyliase Chat,1452968516,UserStatusRecently
,1787757116,7751933179174367599,Xyliase Chat,1452968516,2022-06-05 12:34:13+00:00
bertantaskiran,1871512403,-5758427849351645519,Xyliase Chat,1452968516,UserStatusRecently
shawty,1181840616,8035328566313724492,Xyliase Chat,1452968516,UserStatusRecently
bb642,84983642,3411080692061003992,Xyliase Chat,1452968516,UserStatusRecently
Bunker,1006535495,-1531990495737145225,Xyliase Chat,1452968516,UserStatusRecently
BONXLA,951476274,-6948955955631222868,Xyliase Chat,1452968516,UserStatusRecently
Baso_03,380287203,-4536229174885869331,Xyliase Chat,1452968516,2022-06-05 14:17:07+00:00
batmanld,1652847062,1049728083710978533,Xyliase Chat,1452968516,UserStatusRecently
Azriel2020,1672732702,218525539336039028,Xyliase Chat,1452968516,2022-06-05 17:02:28+00:00
Alixxab,5213158880,-7348249184194458378,Xyliase Chat,1452968516,2022-06-05 20:28:33+00:00
,1441809902,-6480391011471709440,Xyliase Chat,1452968516,2022-06-05 19:04:02+00:00
akali666,5309129724,8974198822550285703,Xyliase Chat,1452968516,2022-06-05 01:48:34+00:00
avuno,5363905209,-3518873603125901240,Xyliase Chat,1452968516,UserStatusRecently
asterioas,833099967,-1073581219141498408,Xyliase Chat,1452968516,2022-06-05 18:04:45+00:00
abysscus,1038906779,-1272986777628255574,Xyliase Chat,1452968516,UserStatusRecently
alloz1,1705368467,-2094600563618168679,Xyliase Chat,1452968516,UserStatusRecently
Avdol154,1784888518,-2581631927942070867,Xyliase Chat,1452968516,UserStatusRecently
AzraelCYX,1775321854,501786958729218757,Xyliase Chat,1452968516,2022-06-05 21:25:13+00:00
ASghostKI,220277492,8054057147561994011,Xyliase Chat,1452968516,UserStatusRecently
Austinsupport,1643990394,3837298247576353076,Xyliase Chat,1452968516,UserStatusRecently
Aloramoneytg,2074765109,-7809452561569248659,Xyliase Chat,1452968516,UserStatusRecently
August0Rodriguez,1788353268,-8345292246577256972,Xyliase Chat,1452968516,UserStatusRecently
Amurpi,1064064226,-2899438805895846223,Xyliase Chat,1452968516,UserStatusRecently
ACE90X,1697359747,4754008359971144115,Xyliase Chat,1452968516,UserStatusRecently
asd123132,1050244603,5316180425809631337,Xyliase Chat,1452968516,UserStatusRecently
adaptable,5269700587,4233525133342833094,Xyliase Chat,1452968516,UserStatusRecently
archerben,1408186491,7458861379499258912,Xyliase Chat,1452968516,UserStatusRecently
Astille99,2108983312,5499831969248678641,Xyliase Chat,1452968516,2022-06-05 11:42:59+00:00
assffsyf,970288659,541460322191182514,Xyliase Chat,1452968516,UserStatusRecently
arconz,562572276,-3573087552477848167,Xyliase Chat,1452968516,2022-06-05 21:41:58+00:00
aceplays,1898298580,-45023617309923465,Xyliase Chat,1452968516,UserStatusRecently
amerekaaa,352457123,-4662740631746506493,Xyliase Chat,1452968516,UserStatusRecently
astoyn,654998246,-8521915721644116477,Xyliase Chat,1452968516,2022-06-05 21:24:25+00:00
Ahmad11Q,1411696487,4433248099417531032,Xyliase Chat,1452968516,2022-06-05 18:17:37+00:00
Sons6669,1128065558,-6124524807792240072,Xyliase Chat,1452968516,2022-06-05 21:03:01+00:00
SHENiiMU,906193876,-876375274046719706,Xyliase Chat,1452968516,2022-06-05 14:14:11+00:00
SwarekNFT,483351031,-3510307679822146323,Xyliase Chat,1452968516,2022-06-05 13:42:05+00:00
Smidges,1527880326,-6609262443985032722,Xyliase Chat,1452968516,2022-06-05 20:57:11+00:00
,1306150279,-1854683073922648244,Xyliase Chat,1452968516,UserStatusRecently
snowthemanz,827648951,2831328127546800586,Xyliase Chat,1452968516,UserStatusRecently
seniorl,1234581771,-4367873899193169053,Xyliase Chat,1452968516,UserStatusRecently
sarahvvvvvv,523496285,6244453138480607049,Xyliase Chat,1452968516,UserStatusRecently
scoooob,555194155,-5058622393204351377,Xyliase Chat,1452968516,UserStatusRecently
marcuzzzzzzz,877634080,128460265005440710,Xyliase Chat,1452968516,2022-06-05 21:45:58+00:00
,468590760,1915230731790719878,Xyliase Chat,1452968516,2022-06-05 19:55:19+00:00
mlvltd,1086447780,-718382081932553799,Xyliase Chat,1452968516,UserStatusRecently
m7www,604122250,2588162493948585266,Xyliase Chat,1452968516,UserStatusRecently
modestas17,873258533,-7182653241429389205,Xyliase Chat,1452968516,2022-06-05 17:02:58+00:00
MHgod,635697895,4796264888568515542,Xyliase Chat,1452968516,UserStatusRecently
daxon852a,576184142,-2815683852069563288,Xyliase Chat,1452968516,2022-06-05 13:29:50+00:00
Cold1234,1037839534,-4734087628572708109,Xyliase Chat,1452968516,2022-06-05 18:20:00+00:00
CloudRises,479176808,-5637307244957726341,Xyliase Chat,1452968516,UserStatusRecently
alekitopi,441093875,-586688385730341067,Xyliase Chat,1452968516,UserStatusRecently
